﻿<?xml version="1.0" encoding="utf-8"?><DEFECTS><DEFECT>
    <SFA>
      <FILEPATH>D:\opencv\build\include\opencv2\core\</FILEPATH>
      <FILENAME>base.hpp</FILENAME>
      <LINE>384</LINE>
      <COLUMN>38</COLUMN>
    </SFA>
    <DEFECTCODE>26812</DEFECTCODE>
    <DESCRIPTION>枚举类型“cv::NormTypes”未设定范围。相比于 "enum"，首选 "enum class" (Enum.3)。</DESCRIPTION>
    <FUNCTION></FUNCTION>
    <DECORATED></DECORATED>
    <FUNCLINE>0</FUNCLINE>
    <PATH></PATH>
  </DEFECT><DEFECT>
    <SFA>
      <FILEPATH>D:\opencv\build\include\opencv2\core\</FILEPATH>
      <FILENAME>mat.hpp</FILENAME>
      <LINE>66</LINE>
      <COLUMN>0</COLUMN>
    </SFA>
    <DEFECTCODE>26812</DEFECTCODE>
    <DESCRIPTION>枚举类型“cv::AccessFlag”未设定范围。相比于 "enum"，首选 "enum class" (Enum.3)。</DESCRIPTION>
    <FUNCTION>cv::!</FUNCTION>
    <DECORATED>??7cv@@YA_NAEBW4AccessFlag@0@@Z</DECORATED>
    <FUNCLINE>66</FUNCLINE>
    <PATH></PATH>
  </DEFECT><DEFECT>
    <SFA>
      <FILEPATH>D:\opencv\build\include\opencv2\core\</FILEPATH>
      <FILENAME>mat.hpp</FILENAME>
      <LINE>266</LINE>
      <COLUMN>0</COLUMN>
    </SFA>
    <DEFECTCODE>26812</DEFECTCODE>
    <DESCRIPTION>枚举类型“cv::_InputArray::KindFlag”未设定范围。相比于 "enum"，首选 "enum class" (Enum.3)。</DESCRIPTION>
    <FUNCTION>cv::!</FUNCTION>
    <DECORATED>??7cv@@YA_NAEBW4KindFlag@_InputArray@0@@Z</DECORATED>
    <FUNCLINE>266</FUNCLINE>
    <PATH></PATH>
  </DEFECT><DEFECT>
    <SFA>
      <FILEPATH>D:\opencv\build\include\opencv2\core\</FILEPATH>
      <FILENAME>mat.hpp</FILENAME>
      <LINE>574</LINE>
      <COLUMN>0</COLUMN>
    </SFA>
    <DEFECTCODE>26812</DEFECTCODE>
    <DESCRIPTION>枚举类型“cv::UMatData::MemoryFlag”未设定范围。相比于 "enum"，首选 "enum class" (Enum.3)。</DESCRIPTION>
    <FUNCTION>cv::!</FUNCTION>
    <DECORATED>??7cv@@YA_NAEBW4MemoryFlag@UMatData@0@@Z</DECORATED>
    <FUNCLINE>574</FUNCLINE>
    <PATH></PATH>
  </DEFECT><DEFECT>
    <SFA>
      <FILEPATH>D:\opencv\build\include\opencv2\core\</FILEPATH>
      <FILENAME>mat.inl.hpp</FILENAME>
      <LINE>1239</LINE>
      <COLUMN>9</COLUMN>
    </SFA>
    <DEFECTCODE>26495</DEFECTCODE>
    <DESCRIPTION>未初始化变量 cv::MatStep::buf。始终初始化成员变量(type.6)。</DESCRIPTION>
    <FUNCTION>cv::MatStep::{ctor}</FUNCTION>
    <DECORATED>??0MatStep@cv@@QEAA@XZ</DECORATED>
    <FUNCLINE>1239</FUNCLINE>
    <ADDITIONALINFO>
      <targetSymbol>cv::MatStep::buf</targetSymbol>
    </ADDITIONALINFO>
    <PATH></PATH>
  </DEFECT><DEFECT>
    <SFA>
      <FILEPATH>D:\opencv\build\include\opencv2\core\</FILEPATH>
      <FILENAME>mat.inl.hpp</FILENAME>
      <LINE>1245</LINE>
      <COLUMN>9</COLUMN>
    </SFA>
    <DEFECTCODE>26495</DEFECTCODE>
    <DESCRIPTION>未初始化变量 cv::MatStep::buf。始终初始化成员变量(type.6)。</DESCRIPTION>
    <FUNCTION>cv::MatStep::{ctor}</FUNCTION>
    <DECORATED>??0MatStep@cv@@QEAA@_K@Z</DECORATED>
    <FUNCLINE>1245</FUNCLINE>
    <ADDITIONALINFO>
      <targetSymbol>cv::MatStep::buf</targetSymbol>
    </ADDITIONALINFO>
    <PATH></PATH>
  </DEFECT><DEFECT>
    <SFA>
      <FILEPATH>D:\opencv\build\include\opencv2\core\</FILEPATH>
      <FILENAME>mat.inl.hpp</FILENAME>
      <LINE>1874</LINE>
      <COLUMN>11</COLUMN>
    </SFA>
    <DEFECTCODE>26451</DEFECTCODE>
    <DESCRIPTION>算术溢出: 使用 4 字节值上的运算符 * ，然后将结果转换到 8 字节值。在调用运算符 * 之前将值强制转换为宽类型可避免溢出(io.2)。</DESCRIPTION>
    <FUNCTION>cv::SparseMat::elemSize</FUNCTION>
    <DECORATED>?elemSize@SparseMat@cv@@QEBA_KXZ</DECORATED>
    <FUNCLINE>1872</FUNCLINE>
    <PATH></PATH>
  </DEFECT><DEFECT>
    <SFA>
      <FILEPATH>D:\opencv\build\include\opencv2\core\</FILEPATH>
      <FILENAME>operations.hpp</FILENAME>
      <LINE>435</LINE>
      <COLUMN>15</COLUMN>
    </SFA>
    <DEFECTCODE>26812</DEFECTCODE>
    <DESCRIPTION>枚举类型“cv::Formatter::FormatType”未设定范围。相比于 "enum"，首选 "enum class" (Enum.3)。</DESCRIPTION>
    <FUNCTION>cv::format</FUNCTION>
    <DECORATED>?format@cv@@YA?AU?$Ptr@VFormatted@cv@@@1@AEBV_InputArray@1@W4FormatType@Formatter@1@@Z</DECORATED>
    <FUNCLINE>435</FUNCLINE>
    <PATH></PATH>
  </DEFECT><DEFECT>
    <SFA>
      <FILEPATH>D:\opencv\build\include\opencv2\core\</FILEPATH>
      <FILENAME>utility.hpp</FILENAME>
      <LINE>568</LINE>
      <COLUMN>60</COLUMN>
    </SFA>
    <DEFECTCODE>26451</DEFECTCODE>
    <DESCRIPTION>算术溢出: 使用 4 字节值上的运算符 * ，然后将结果转换到 8 字节值。在调用运算符 * 之前将值强制转换为宽类型可避免溢出(io.2)。</DESCRIPTION>
    <FUNCTION>cv::getElemSize</FUNCTION>
    <DECORATED>?getElemSize@cv@@YA_KH@Z</DECORATED>
    <FUNCLINE>568</FUNCLINE>
    <PATH></PATH>
  </DEFECT><DEFECT>
    <SFA>
      <FILEPATH>D:\opencv\build\include\opencv2\core\</FILEPATH>
      <FILENAME>async.hpp</FILENAME>
      <LINE>73</LINE>
      <COLUMN>4</COLUMN>
    </SFA>
    <DEFECTCODE>26439</DEFECTCODE>
    <DESCRIPTION>可能不会 throw 此类型的函数。将其声明为 "noexcept" (f.6)。</DESCRIPTION>
    <FUNCTION>cv::AsyncArray::{ctor}</FUNCTION>
    <DECORATED>??0AsyncArray@cv@@QEAA@$$QEAV01@@Z</DECORATED>
    <FUNCLINE>73</FUNCLINE>
    <PATH></PATH>
  </DEFECT><DEFECT>
    <SFA>
      <FILEPATH>D:\opencv\build\include\opencv2\flann\</FILEPATH>
      <FILENAME>matrix.h</FILENAME>
      <LINE>95</LINE>
      <COLUMN>4</COLUMN>
    </SFA>
    <DEFECTCODE>26495</DEFECTCODE>
    <DESCRIPTION>未初始化变量 cvflann::UntypedMatrix::type。始终初始化成员变量(type.6)。</DESCRIPTION>
    <FUNCTION>cvflann::UntypedMatrix::{ctor}</FUNCTION>
    <DECORATED>??0UntypedMatrix@cvflann@@QEAA@PEAXJJ@Z</DECORATED>
    <FUNCLINE>95</FUNCLINE>
    <ADDITIONALINFO>
      <targetSymbol>cvflann::UntypedMatrix::type</targetSymbol>
    </ADDITIONALINFO>
    <PATH></PATH>
  </DEFECT><DEFECT>
    <SFA>
      <FILEPATH>D:\opencv\build\include\opencv2\flann\</FILEPATH>
      <FILENAME>saving.h</FILENAME>
      <LINE>51</LINE>
      <COLUMN>57</COLUMN>
    </SFA>
    <DEFECTCODE>26812</DEFECTCODE>
    <DESCRIPTION>枚举类型“cvflann::flann_datatype_t”未设定范围。相比于 "enum"，首选 "enum class" (Enum.3)。</DESCRIPTION>
    <FUNCTION>cvflann::Datatype&lt;char&gt;::type</FUNCTION>
    <DECORATED>?type@?$Datatype@D@cvflann@@SA?AW4flann_datatype_t@2@XZ</DECORATED>
    <FUNCLINE>51</FUNCLINE>
    <PATH></PATH>
  </DEFECT><DEFECT>
    <SFA>
      <FILEPATH>D:\opencv\build\include\opencv2\flann\</FILEPATH>
      <FILENAME>dist.h</FILENAME>
      <LINE>85</LINE>
      <COLUMN>77</COLUMN>
    </SFA>
    <DEFECTCODE>26451</DEFECTCODE>
    <DESCRIPTION>算术溢出: 使用 4 字节值上的运算符 + ，然后将结果转换到 8 字节值。在调用运算符 + 之前将值强制转换为宽类型可避免溢出(io.2)。</DESCRIPTION>
    <FUNCTION>cvflann::round</FUNCTION>
    <DECORATED>??$round@_J@cvflann@@YA_JM@Z</DECORATED>
    <FUNCLINE>85</FUNCLINE>
    <PATH></PATH>
  </DEFECT><DEFECT>
    <SFA>
      <FILEPATH>D:\opencv\build\include\opencv2\flann\</FILEPATH>
      <FILENAME>kdtree_index.h</FILENAME>
      <LINE>57</LINE>
      <COLUMN>31</COLUMN>
    </SFA>
    <DEFECTCODE>26812</DEFECTCODE>
    <DESCRIPTION>枚举类型“cvflann::flann_algorithm_t”未设定范围。相比于 "enum"，首选 "enum class" (Enum.3)。</DESCRIPTION>
    <FUNCTION>cvflann::KDTreeIndexParams::{ctor}</FUNCTION>
    <DECORATED>??0KDTreeIndexParams@cvflann@@QEAA@H@Z</DECORATED>
    <FUNCLINE>55</FUNCLINE>
    <PATH></PATH>
  </DEFECT><DEFECT>
    <SFA>
      <FILEPATH>D:\opencv\build\include\opencv2\flann\</FILEPATH>
      <FILENAME>kmeans_index.h</FILENAME>
      <LINE>63</LINE>
      <COLUMN>4</COLUMN>
    </SFA>
    <DEFECTCODE>26812</DEFECTCODE>
    <DESCRIPTION>枚举类型“cvflann::flann_centers_init_t”未设定范围。相比于 "enum"，首选 "enum class" (Enum.3)。</DESCRIPTION>
    <FUNCTION>cvflann::KMeansIndexParams::{ctor}</FUNCTION>
    <DECORATED>??0KMeansIndexParams@cvflann@@QEAA@HHW4flann_centers_init_t@1@MH@Z</DECORATED>
    <FUNCLINE>63</FUNCLINE>
    <PATH></PATH>
  </DEFECT><DEFECT>
    <SFA>
      <FILEPATH>D:\opencv\build\include\opencv2\flann\</FILEPATH>
      <FILENAME>lsh_table.h</FILENAME>
      <LINE>363</LINE>
      <COLUMN>42</COLUMN>
    </SFA>
    <DEFECTCODE>26451</DEFECTCODE>
    <DESCRIPTION>算术溢出: 使用 4 字节值上的运算符 * ，然后将结果转换到 8 字节值。在调用运算符 * 之前将值强制转换为宽类型可避免溢出(io.2)。</DESCRIPTION>
    <FUNCTION>cvflann::lsh::LshTable&lt;unsigned char&gt;::{ctor}</FUNCTION>
    <DECORATED>??0?$LshTable@E@lsh@cvflann@@QEAA@II@Z</DECORATED>
    <FUNCLINE>355</FUNCLINE>
    <PATH></PATH>
  </DEFECT><DEFECT>
    <SFA>
      <FILEPATH>D:\opencv\build\include\opencv2\flann\</FILEPATH>
      <FILENAME>lsh_table.h</FILENAME>
      <LINE>364</LINE>
      <COLUMN>40</COLUMN>
    </SFA>
    <DEFECTCODE>26451</DEFECTCODE>
    <DESCRIPTION>算术溢出: 使用 4 字节值上的运算符 * ，然后将结果转换到 8 字节值。在调用运算符 * 之前将值强制转换为宽类型可避免溢出(io.2)。</DESCRIPTION>
    <FUNCTION>cvflann::lsh::LshTable&lt;unsigned char&gt;::{ctor}</FUNCTION>
    <DECORATED>??0?$LshTable@E@lsh@cvflann@@QEAA@II@Z</DECORATED>
    <FUNCLINE>355</FUNCLINE>
    <PATH></PATH>
  </DEFECT><DEFECT>
    <SFA>
      <FILEPATH>D:\opencv\build\include\opencv2\flann\</FILEPATH>
      <FILENAME>lsh_table.h</FILENAME>
      <LINE>102</LINE>
      <COLUMN>0</COLUMN>
    </SFA>
    <DEFECTCODE>26495</DEFECTCODE>
    <DESCRIPTION>未初始化变量 cvflann::lsh::LshStats::n_buckets_。始终初始化成员变量(type.6)。</DESCRIPTION>
    <FUNCTION>cvflann::lsh::LshStats::{ctor}</FUNCTION>
    <DECORATED>??0LshStats@lsh@cvflann@@QEAA@XZ</DECORATED>
    <FUNCLINE>102</FUNCLINE>
    <ADDITIONALINFO>
      <targetSymbol>cvflann::lsh::LshStats::n_buckets_</targetSymbol>
    </ADDITIONALINFO>
    <PATH></PATH>
  </DEFECT><DEFECT>
    <SFA>
      <FILEPATH>D:\opencv\build\include\opencv2\</FILEPATH>
      <FILENAME>imgproc.hpp</FILENAME>
      <LINE>4900</LINE>
      <COLUMN>25</COLUMN>
    </SFA>
    <DEFECTCODE>26451</DEFECTCODE>
    <DESCRIPTION>算术溢出: 使用 4 字节值上的运算符 + ，然后将结果转换到 8 字节值。在调用运算符 + 之前将值强制转换为宽类型可避免溢出(io.2)。</DESCRIPTION>
    <FUNCTION>cv::LineIterator::++</FUNCTION>
    <DECORATED>??ELineIterator@cv@@QEAAAEAV01@XZ</DECORATED>
    <FUNCLINE>4894</FUNCLINE>
    <PATH></PATH>
  </DEFECT><DEFECT>
    <SFA>
      <FILEPATH>D:\opencv\build\include\opencv2\</FILEPATH>
      <FILENAME>objdetect.hpp</FILENAME>
      <LINE>127</LINE>
      <COLUMN>61</COLUMN>
    </SFA>
    <DEFECTCODE>26451</DEFECTCODE>
    <DESCRIPTION>算术溢出: 使用 4 字节值上的运算符 + ，然后将结果转换到 8 字节值。在调用运算符 + 之前将值强制转换为宽类型可避免溢出(io.2)。</DESCRIPTION>
    <FUNCTION>cv::SimilarRects::()</FUNCTION>
    <DECORATED>??RSimilarRects@cv@@QEBA_NAEBV?$Rect_@H@1@0@Z</DECORATED>
    <FUNCLINE>125</FUNCLINE>
    <PATH></PATH>
  </DEFECT><DEFECT>
    <SFA>
      <FILEPATH>D:\opencv\build\include\opencv2\</FILEPATH>
      <FILENAME>objdetect.hpp</FILENAME>
      <LINE>387</LINE>
      <COLUMN>25</COLUMN>
    </SFA>
    <DEFECTCODE>26812</DEFECTCODE>
    <DESCRIPTION>枚举类型“cv::HOGDescriptor::HistogramNormType”未设定范围。相比于 "enum"，首选 "enum class" (Enum.3)。</DESCRIPTION>
    <FUNCTION>cv::HOGDescriptor::{ctor}</FUNCTION>
    <DECORATED>??0HOGDescriptor@cv@@QEAA@XZ</DECORATED>
    <FUNCLINE>385</FUNCLINE>
    <PATH></PATH>
  </DEFECT><DEFECT>
    <SFA>
      <FILEPATH>D:\opencv\build\include\opencv2\objdetect\</FILEPATH>
      <FILENAME>detection_based_tracker.hpp</FILENAME>
      <LINE>150</LINE>
      <COLUMN>12</COLUMN>
    </SFA>
    <DEFECTCODE>26812</DEFECTCODE>
    <DESCRIPTION>枚举类型“cv::DetectionBasedTracker::ObjectStatus”未设定范围。相比于 "enum"，首选 "enum class" (Enum.3)。</DESCRIPTION>
    <FUNCTION>cv::DetectionBasedTracker::ExtObject::{ctor}</FUNCTION>
    <DECORATED>??0ExtObject@DetectionBasedTracker@cv@@QEAA@HV?$Rect_@H@2@W4ObjectStatus@12@@Z</DECORATED>
    <FUNCLINE>150</FUNCLINE>
    <PATH></PATH>
  </DEFECT><DEFECT>
    <SFA>
      <FILEPATH>D:\opencv\build\include\opencv2\core\</FILEPATH>
      <FILENAME>cuda.inl.hpp</FILENAME>
      <LINE>301</LINE>
      <COLUMN>11</COLUMN>
    </SFA>
    <DEFECTCODE>26451</DEFECTCODE>
    <DESCRIPTION>算术溢出: 使用 4 字节值上的运算符 * ，然后将结果转换到 8 字节值。在调用运算符 * 之前将值强制转换为宽类型可避免溢出(io.2)。</DESCRIPTION>
    <FUNCTION>cv::cuda::GpuMat::elemSize</FUNCTION>
    <DECORATED>?elemSize@GpuMat@cuda@cv@@QEBA_KXZ</DECORATED>
    <FUNCLINE>299</FUNCLINE>
    <PATH></PATH>
  </DEFECT><DEFECT>
    <SFA>
      <FILEPATH>D:\opencv\build\include\opencv2\core\</FILEPATH>
      <FILENAME>cuda.inl.hpp</FILENAME>
      <LINE>424</LINE>
      <COLUMN>11</COLUMN>
    </SFA>
    <DEFECTCODE>26451</DEFECTCODE>
    <DESCRIPTION>算术溢出: 使用 4 字节值上的运算符 * ，然后将结果转换到 8 字节值。在调用运算符 * 之前将值强制转换为宽类型可避免溢出(io.2)。</DESCRIPTION>
    <FUNCTION>cv::cuda::GpuMatND::elemSize</FUNCTION>
    <DECORATED>?elemSize@GpuMatND@cuda@cv@@QEBA_KXZ</DECORATED>
    <FUNCLINE>422</FUNCLINE>
    <PATH></PATH>
  </DEFECT><DEFECT>
    <SFA>
      <FILEPATH>D:\opencv\build\include\opencv2\core\</FILEPATH>
      <FILENAME>cuda.inl.hpp</FILENAME>
      <LINE>477</LINE>
      <COLUMN>9</COLUMN>
    </SFA>
    <DEFECTCODE>26812</DEFECTCODE>
    <DESCRIPTION>枚举类型“cv::cuda::HostMem::AllocType”未设定范围。相比于 "enum"，首选 "enum class" (Enum.3)。</DESCRIPTION>
    <FUNCTION>cv::cuda::HostMem::{ctor}</FUNCTION>
    <DECORATED>??0HostMem@cuda@cv@@QEAA@W4AllocType@012@@Z</DECORATED>
    <FUNCLINE>477</FUNCLINE>
    <PATH></PATH>
  </DEFECT><DEFECT>
    <SFA>
      <FILEPATH>D:\opencv\build\include\opencv2\core\</FILEPATH>
      <FILENAME>cuda.inl.hpp</FILENAME>
      <LINE>574</LINE>
      <COLUMN>11</COLUMN>
    </SFA>
    <DEFECTCODE>26451</DEFECTCODE>
    <DESCRIPTION>算术溢出: 使用 4 字节值上的运算符 * ，然后将结果转换到 8 字节值。在调用运算符 * 之前将值强制转换为宽类型可避免溢出(io.2)。</DESCRIPTION>
    <FUNCTION>cv::cuda::HostMem::elemSize</FUNCTION>
    <DECORATED>?elemSize@HostMem@cuda@cv@@QEBA_KXZ</DECORATED>
    <FUNCLINE>572</FUNCLINE>
    <PATH></PATH>
  </DEFECT><DEFECT>
    <SFA>
      <FILEPATH>D:\opencv\build\include\opencv2\core\</FILEPATH>
      <FILENAME>cuda.inl.hpp</FILENAME>
      <LINE>697</LINE>
      <COLUMN>17</COLUMN>
    </SFA>
    <DEFECTCODE>26812</DEFECTCODE>
    <DESCRIPTION>枚举类型“cv::cuda::FeatureSet”未设定范围。相比于 "enum"，首选 "enum class" (Enum.3)。</DESCRIPTION>
    <FUNCTION>cv::cuda::DeviceInfo::supports</FUNCTION>
    <DECORATED>?supports@DeviceInfo@cuda@cv@@QEBA_NW4FeatureSet@23@@Z</DECORATED>
    <FUNCLINE>697</FUNCLINE>
    <PATH></PATH>
  </DEFECT><DEFECT>
    <SFA>
      <FILEPATH>D:\opencv\build\include\opencv2\stitching\detail\</FILEPATH>
      <FILENAME>warpers.hpp</FILENAME>
      <LINE>188</LINE>
      <COLUMN>0</COLUMN>
    </SFA>
    <DEFECTCODE>26495</DEFECTCODE>
    <DESCRIPTION>未初始化变量 cv::detail::RotationWarperBase&lt;cv::detail::CompressedRectilinearProjector&gt;::projector_。始终初始化成员变量(type.6)。</DESCRIPTION>
    <FUNCTION>cv::detail::RotationWarperBase&lt;cv::detail::CompressedRectilinearProjector&gt;::{ctor}</FUNCTION>
    <DECORATED>??0?$RotationWarperBase@UCompressedRectilinearProjector@detail@cv@@@detail@cv@@QEAA@XZ</DECORATED>
    <FUNCLINE>188</FUNCLINE>
    <ADDITIONALINFO>
      <targetSymbol>cv::detail::RotationWarperBase&lt;cv::detail::CompressedRectilinearProjector&gt;::projector_</targetSymbol>
    </ADDITIONALINFO>
    <PATH></PATH>
  </DEFECT><DEFECT>
    <SFA>
      <FILEPATH>D:\opencv\build\include\opencv2\stitching\detail\</FILEPATH>
      <FILENAME>seam_finders.hpp</FILENAME>
      <LINE>128</LINE>
      <COLUMN>40</COLUMN>
    </SFA>
    <DEFECTCODE>26812</DEFECTCODE>
    <DESCRIPTION>枚举类型“cv::detail::DpSeamFinder::CostFunction”未设定范围。相比于 "enum"，首选 "enum class" (Enum.3)。</DESCRIPTION>
    <FUNCTION>cv::detail::DpSeamFinder::costFunction</FUNCTION>
    <DECORATED>?costFunction@DpSeamFinder@detail@cv@@QEBA?AW4CostFunction@123@XZ</DECORATED>
    <FUNCLINE>128</FUNCLINE>
    <PATH></PATH>
  </DEFECT><DEFECT>
    <SFA>
      <FILEPATH>D:\opencv\build\include\opencv2\</FILEPATH>
      <FILENAME>stitching.hpp</FILENAME>
      <LINE>201</LINE>
      <COLUMN>60</COLUMN>
    </SFA>
    <DEFECTCODE>26812</DEFECTCODE>
    <DESCRIPTION>枚举类型“cv::InterpolationFlags”未设定范围。相比于 "enum"，首选 "enum class" (Enum.3)。</DESCRIPTION>
    <FUNCTION>cv::Stitcher::interpolationFlags</FUNCTION>
    <DECORATED>?interpolationFlags@Stitcher@cv@@QEBA?AW4InterpolationFlags@2@XZ</DECORATED>
    <FUNCLINE>201</FUNCLINE>
    <PATH></PATH>
  </DEFECT><DEFECT>
    <SFA>
      <FILEPATH>D:\opencv\build\include\opencv2\</FILEPATH>
      <FILENAME>stitching.hpp</FILENAME>
      <LINE>204</LINE>
      <COLUMN>54</COLUMN>
    </SFA>
    <DEFECTCODE>26812</DEFECTCODE>
    <DESCRIPTION>枚举类型“cv::detail::WaveCorrectKind”未设定范围。相比于 "enum"，首选 "enum class" (Enum.3)。</DESCRIPTION>
    <FUNCTION>cv::Stitcher::waveCorrectKind</FUNCTION>
    <DECORATED>?waveCorrectKind@Stitcher@cv@@QEBA?AW4WaveCorrectKind@detail@2@XZ</DECORATED>
    <FUNCLINE>204</FUNCLINE>
    <PATH></PATH>
  </DEFECT><DEFECT>
    <SFA>
      <FILEPATH>E:\我的文档\学习\暨南大学\学术文件\第五学期\第一学位\信息论与编码原理\img_info_entropy\img_info_entropy\</FILEPATH>
      <FILENAME>img_info_entropy.cpp</FILENAME>
      <LINE>147</LINE>
      <COLUMN>23</COLUMN>
    </SFA>
    <DEFECTCODE>26451</DEFECTCODE>
    <DESCRIPTION>算术溢出: 使用 4 字节值上的运算符 * ，然后将结果转换到 8 字节值。在调用运算符 * 之前将值强制转换为宽类型可避免溢出(io.2)。</DESCRIPTION>
    <FUNCTION>Entropy</FUNCTION>
    <DECORATED>?Entropy@@YANVMat@cv@@@Z</DECORATED>
    <FUNCLINE>130</FUNCLINE>
    <PATH></PATH>
  </DEFECT><DEFECT>
    <SFA>
      <FILEPATH>D:\opencv\build\include\opencv2\flann\</FILEPATH>
      <FILENAME>lsh_table.h</FILENAME>
      <LINE>283</LINE>
      <COLUMN>21</COLUMN>
    </SFA>
    <DEFECTCODE>26812</DEFECTCODE>
    <DESCRIPTION>枚举类型“cvflann::lsh::LshTable&lt;unsigned char&gt;::SpeedLevel”未设定范围。相比于 "enum"，首选 "enum class" (Enum.3)。</DESCRIPTION>
    <FUNCTION>cvflann::lsh::LshTable&lt;unsigned char&gt;::initialize</FUNCTION>
    <DECORATED>?initialize@?$LshTable@E@lsh@cvflann@@AEAAX_K@Z</DECORATED>
    <FUNCLINE>273</FUNCLINE>
    <PATH></PATH>
  </DEFECT><DEFECT>
    <SFA>
      <FILEPATH>D:\opencv\build\include\opencv2\flann\</FILEPATH>
      <FILENAME>any.h</FILENAME>
      <LINE>97</LINE>
      <COLUMN>9</COLUMN>
    </SFA>
    <DEFECTCODE>6269</DEFECTCODE>
    <DESCRIPTION>运算顺序可能不正确: 已忽略取消引用。</DESCRIPTION>
    <FUNCTION>cvflann::anyimpl::big_any_policy&lt;enum cvflann::flann_algorithm_t&gt;::move</FUNCTION>
    <DECORATED>?move@?$big_any_policy@W4flann_algorithm_t@cvflann@@@anyimpl@cvflann@@UEAAXPEBQEAXPEAPEAX@Z</DECORATED>
    <FUNCLINE>95</FUNCLINE>
    <PATH></PATH>
  </DEFECT><DEFECT>
    <SFA>
      <FILEPATH>D:\opencv\build\include\opencv2\core\</FILEPATH>
      <FILENAME>utility.hpp</FILENAME>
      <LINE>953</LINE>
      <COLUMN>29</COLUMN>
    </SFA>
    <DEFECTCODE>26495</DEFECTCODE>
    <DESCRIPTION>未初始化变量 cv::AutoBuffer&lt;__int64,1&gt;::buf。始终初始化成员变量(type.6)。</DESCRIPTION>
    <FUNCTION>cv::AutoBuffer&lt;__int64,1&gt;::{ctor}</FUNCTION>
    <DECORATED>??0?$AutoBuffer@_J$00@cv@@QEAA@XZ</DECORATED>
    <FUNCLINE>953</FUNCLINE>
    <ADDITIONALINFO>
      <targetSymbol>cv::AutoBuffer&lt;__int64,1&gt;::buf</targetSymbol>
    </ADDITIONALINFO>
    <PATH></PATH>
  </DEFECT><DEFECT>
    <SFA>
      <FILEPATH>D:\opencv\build\include\opencv2\core\</FILEPATH>
      <FILENAME>matx.hpp</FILENAME>
      <LINE>570</LINE>
      <COLUMN>4</COLUMN>
    </SFA>
    <DEFECTCODE>6294</DEFECTCODE>
    <DESCRIPTION>for 循环定义错误: 初始条件不满足测试。 循环体未执行。</DESCRIPTION>
    <FUNCTION>cv::Matx&lt;float,3,1&gt;::{ctor}</FUNCTION>
    <DECORATED>??0?$Matx@M$02$00@cv@@QEAA@MMM@Z</DECORATED>
    <FUNCLINE>566</FUNCLINE>
    <PATH></PATH>
  </DEFECT><DEFECT>
    <SFA>
      <FILEPATH>D:\opencv\build\include\opencv2\core\</FILEPATH>
      <FILENAME>matx.hpp</FILENAME>
      <LINE>570</LINE>
      <COLUMN>43</COLUMN>
    </SFA>
    <DEFECTCODE>6201</DEFECTCODE>
    <DESCRIPTION>索引“3”超出了“0”至“2”的有效范围(对于可能在堆栈中分配的缓冲区“this-&gt;val”)。</DESCRIPTION>
    <FUNCTION>cv::Matx&lt;float,3,1&gt;::{ctor}</FUNCTION>
    <DECORATED>??0?$Matx@M$02$00@cv@@QEAA@MMM@Z</DECORATED>
    <FUNCLINE>566</FUNCLINE>
    <PATH></PATH>
  </DEFECT><DEFECT>
    <SFA>
      <FILEPATH>D:\opencv\build\include\opencv2\core\</FILEPATH>
      <FILENAME>matx.hpp</FILENAME>
      <LINE>562</LINE>
      <COLUMN>4</COLUMN>
    </SFA>
    <DEFECTCODE>6294</DEFECTCODE>
    <DESCRIPTION>for 循环定义错误: 初始条件不满足测试。 循环体未执行。</DESCRIPTION>
    <FUNCTION>cv::Matx&lt;float,2,1&gt;::{ctor}</FUNCTION>
    <DECORATED>??0?$Matx@M$01$00@cv@@QEAA@MM@Z</DECORATED>
    <FUNCLINE>558</FUNCLINE>
    <PATH></PATH>
  </DEFECT><DEFECT>
    <SFA>
      <FILEPATH>D:\opencv\build\include\opencv2\core\</FILEPATH>
      <FILENAME>matx.hpp</FILENAME>
      <LINE>562</LINE>
      <COLUMN>43</COLUMN>
    </SFA>
    <DEFECTCODE>6201</DEFECTCODE>
    <DESCRIPTION>索引“2”超出了“0”至“1”的有效范围(对于可能在堆栈中分配的缓冲区“this-&gt;val”)。</DESCRIPTION>
    <FUNCTION>cv::Matx&lt;float,2,1&gt;::{ctor}</FUNCTION>
    <DECORATED>??0?$Matx@M$01$00@cv@@QEAA@MM@Z</DECORATED>
    <FUNCLINE>558</FUNCLINE>
    <PATH></PATH>
  </DEFECT><DEFECT>
    <SFA>
      <FILEPATH>D:\opencv\build\include\opencv2\core\</FILEPATH>
      <FILENAME>matx.hpp</FILENAME>
      <LINE>578</LINE>
      <COLUMN>4</COLUMN>
    </SFA>
    <DEFECTCODE>6294</DEFECTCODE>
    <DESCRIPTION>for 循环定义错误: 初始条件不满足测试。 循环体未执行。</DESCRIPTION>
    <FUNCTION>cv::Matx&lt;float,4,1&gt;::{ctor}</FUNCTION>
    <DECORATED>??0?$Matx@M$03$00@cv@@QEAA@MMMM@Z</DECORATED>
    <FUNCLINE>574</FUNCLINE>
    <PATH></PATH>
  </DEFECT><DEFECT>
    <SFA>
      <FILEPATH>D:\opencv\build\include\opencv2\core\</FILEPATH>
      <FILENAME>matx.hpp</FILENAME>
      <LINE>578</LINE>
      <COLUMN>43</COLUMN>
    </SFA>
    <DEFECTCODE>6201</DEFECTCODE>
    <DESCRIPTION>索引“4”超出了“0”至“3”的有效范围(对于可能在堆栈中分配的缓冲区“this-&gt;val”)。</DESCRIPTION>
    <FUNCTION>cv::Matx&lt;float,4,1&gt;::{ctor}</FUNCTION>
    <DECORATED>??0?$Matx@M$03$00@cv@@QEAA@MMMM@Z</DECORATED>
    <FUNCLINE>574</FUNCLINE>
    <PATH></PATH>
  </DEFECT></DEFECTS>